{
	"manifest": {
		"publishingInformation": {
			"locales": {
				"en-US": {
					"summary": "Sample Short Description",
					"examplePhrases": [
						"Alexa, open near me ",
						"Alexa, run  near me",
						"Alexa, start near me"
					],
					"keywords": [
						"near",
						"me"
					],
					"name": "NearMe",
					"description": "Sample Full Description",
					"smallIconUri": "https://via.placeholder.com/108/09f/09f.png",
					"largeIconUri": "https://via.placeholder.com/512/09f/09f.png"
				}
			},
			"isAvailableWorldwide": true,
			"testingInstructions": "Sample Testing Instructions.",
			"category": "EDUCATION_AND_REFERENCE",
			"distributionCountries": []
		},
		"apis": {
			"custom": {
				"endpoint": {
					"sslCertificateType": "Wildcard",
					"uri": "https://webhook.jovo.cloud/54a3e489-e8e5-4891-8c20-0f38a5ac3ada"
				}
			}
		},
		"manifestVersion": "1.0",
		"privacyAndCompliance": {
			"allowsPurchases": false,
			"locales": {
				"en-US": {
					"privacyPolicyUrl": "http://example.com/policy",
					"termsOfUseUrl": ""
				}
			},
			"isExportCompliant": true,
			"containsAds": false,
			"isChildDirected": false,
			"usesPersonalInfo": false
		}
	}
}