{
	"invocation": "near me",
"intents": [

	{
		"name": "SearchForIntent",
		"slots": [
			{
				"name": "type",
				"type": "AMAZON.SearchQuery"
			}
		],
		"phrases": [
			"search for {type} in this location",
			"find out {type}",
			"search for {type} near me"
		]
	},
	{
		"name": "MyChoiceIntent",
		"slots": [
			{
				"name": "name",
				"type": "AMAZON.SearchQuery"
			}
		],
		"phrases": [
			"search for {name} number",
			"find out {name}  number"
		]
	},
	{
		"name": "HelloIntent",
		"slots": [],
		"samples": [
			"hello"
		]
	}
],

	
		"alexa": {
			"interactionModel": {
				"languageModel": {
					"intents": [
						{
							"name": "AMAZON.CancelIntent",
							"samples": []
						},
						{
							"name": "AMAZON.HelpIntent",
							"samples": []
						},
						{
							"name": "AMAZON.FallbackIntent",
							"samples": []
						},
						{
							"name": "AMAZON.StopIntent",
							"samples": []
						}
					]
				}
			}
		},
	"dialogflow": {
		"intents": [
			{
				"name": "Default Fallback Intent",
				"auto": true,
				"webhookUsed": true,
				"fallbackIntent": true
			},
			{
				"name": "Default Welcome Intent",
				"auto": true,
				"webhookUsed": true,
				"events": [
					{
						"name": "WELCOME"
					}
				]
			}
		]
	}
}